,H2Ot_MEAN,H2Ot_STD,H2Ot_3550_M,H2Ot_3550_STD,H2Ot_3550_SAT,H2Om_1635_BP,H2Om_1635_STD,CO2_MEAN,CO2_STD,CO2_1515_BP,CO2_1515_STD,CO2_1430_BP,CO2_1430_STD,H2Om_5200_M,H2Om_5200_STD,OH_4500_M,OH_4500_STD,PH_5200_STN,ERR_5200,PH_4500_STN,ERR_4500,Density,Density_Sat,Tau,Eta,epsilon_H2Ot_3550,sigma_epsilon_H2Ot_3550,epsilon_H2Om_1635,sigma_epsilon_H2Om_1635,epsilon_CO2,sigma_epsilon_CO2,epsilon_H2Om_5200,sigma_epsilon_H2Om_5200,epsilon_OH_4500,sigma_epsilon_OH_4500
AC4_OL49_021920_30x30_H2O_a,2.5439299152226322,0.16074153519987022,2.421720703313204,0.1898497089387326,*,1.3001072020452495,0.18973770039057375,748.7150728480483,36.86296041163745,740.746431155663,50.96691096280393,758.5248143152104,53.304705321880185,1.8186979013958553,0.3503436272858915,1.2469504909955509,0.25981952600301483,12.195762674599015,-,8.157689580452923,-,2681.9628385342203,2678.669397675602,0.7059903032671602,,66.11116080287024,7.524312502968801,37.32210817976659,8.645058408560972,259.75418947786505,19.25788234453022,1.0094574306540989,0.3008237891400822,0.8611962780779154,0.2795414046836688
AC4_OL53_101220_256s_30x30_a,4.038926750147803,0.4329778857990654,4.038926750147803,0.4329778857990654,-,1.4866476286944408,0.25712304172380684,727.6581699782867,61.169513420349816,747.4989226544318,84.94476407660733,707.8174173021414,88.04103897784796,1.698555731286261,0.3927119226483464,2.744234853836663,0.6701353551484185,6.90402676330999,-,5.527669572279575,-,2702.703564503572,2702.703564503572,0.6828948534384355,,64.46286878053799,7.401239521051048,34.452486205577344,8.504267139737374,296.3770385011226,17.091250588327085,0.9014740083073014,0.295851133072247,0.7796110934580489,0.2748942822302944
STD_D1010_012821_256s_100x100_a,0.9042708707728374,0.09700172482486706,1.2019858961960292,0.08831258244944437,*,0.15354829136765832,0.025439049432648915,154.4793817143202,7.22022065767248,162.57157814343182,9.763315053653848,145.39846834272782,10.569338351866723,0.3036153792808971,0.07283603511320189,0.7478287694979827,0.19139654049405352,12.116667428210414,-,13.264652936348938,-,2795.316980458168,2804.2911559980203,0.6585005613973197,,62.72188008969184,7.272084174154002,31.421482392916758,8.35434699872907,315.7646211973788,15.879741615329216,0.7874178128288873,0.29053392101418585,0.6934377201483826,0.2699749007943789
