,H2OT_MEAN,H2OT_STD,H2OT_3550_M,H2OT_3550_STD,H2OT_3550_SAT,H2Om_1635_BP,H2Om_1635_STD,CO2_MEAN,CO2_STD,CO2_1515_BP,CO2_1515_STD,CO2_1430_BP,CO2_1430_STD,H2Om_5200_M,H2Om_5200_STD,OH_4500_M,OH_4500_STD,PH_5200_S2N,PH_4500_S2N,ERR_5200,ERR_4500
AC4_OL49_021920_30x30_H2O_a,2.5737918875729946,0.16194375132709615,2.4224284218690655,0.1903251512948205,*,1.330432100550032,0.19415604569463316,749.9593060836598,40.22308494640848,757.3402793887293,56.008522955877226,744.8617309673444,57.81317921990294,1.8192540160466215,0.3501784721284124,1.2472779941087606,0.2598408212566835,12.1959313061391,8.157329839569867,-,-
AC4_OL53_101220_256s_30x30_a,4.03892743514451,0.4335043714188235,4.03892743514451,0.4335043714188235,-,1.4665615869732591,0.2539513962107223,696.2430846522441,70.77102697789499,695.2727174930396,94.3320377678555,697.2134518114485,105.52544569243781,1.698587079229917,0.39291835649435464,2.744227582987645,0.6696635787356616,6.904155497543289,5.527653037742058,-,-
STD_D1010_012821_256s_100x100_a,0.9151321828355979,0.09706759261930673,1.2021257249250366,0.08820274484799236,*,0.16439463777565802,0.02731020757651154,212.27313663387054,10.111394081307383,229.82087402159522,13.526033312316436,193.41585577450607,14.923082631883497,0.3036591159129819,0.07285270432773958,0.7479147541153965,0.19172471456245324,12.117052280110329,13.264649377853987,-,-
