,H2OT_MEAN,H2OT_STD,H2OT_3550_M,H2OT_3550_STD,H2OT_3550_SAT,H2Om_1635_BP,H2Om_1635_STD,CO2_MEAN,CO2_STD,CO2_1515_BP,CO2_1515_STD,CO2_1430_BP,CO2_1430_STD,H2Om_5200_M,H2Om_5200_STD,OH_4500_M,OH_4500_STD,PH_5200_S2N,PH_4500_S2N,ERR_5200,ERR_4500
AC4_OL49_021920_30x30_H2O_a,2.573664057976303,0.16184972985690685,2.4224253907885887,0.19010594280560397,*,1.3303024117999718,0.1941326728286315,747.8993689072747,40.04922054688633,756.3095802761193,55.761484377600965,741.7644093665726,57.70172349134513,1.8192517396923626,0.3500091670905038,1.2472764334434272,0.2596585874788351,12.195931306139308,8.157329839569641,-,-
AC4_OL53_101220_256s_30x30_a,4.03892743514451,0.4332957405537151,4.03892743514451,0.4332957405537151,-,1.4658808727258286,0.2539008577036687,753.9296895235846,74.08125993271143,730.4045443299137,97.21021711860735,777.4548347172553,111.8137110582823,1.698587079229953,0.39296277390497186,2.744227582987645,0.6701595496548509,6.904155497543435,5.527653037742058,-,-
STD_D1010_012821_256s_100x100_a,0.9148895081661681,0.09699786189313786,1.2021226109706475,0.0882568688313596,*,0.1641522864370184,0.02727125782158066,214.20002762521392,10.377271677579902,231.13243229370116,13.660106060755975,195.94508592470643,15.541941159849621,0.30365832932250475,0.07277327277943577,0.7479128167368365,0.19159191288333038,12.117052280110018,13.264649377851413,-,-
