,H2OT_MEAN,H2OT_STD,H2OT_3550_M,H2OT_3550_STD,H2OT_3550_SAT,H2Om_1635_BP,H2Om_1635_STD,CO2_MEAN,CO2_STD,CO2_1515_BP,CO2_1515_STD,CO2_1430_BP,CO2_1430_STD,H2Om_5200_M,H2Om_5200_STD,OH_4500_M,OH_4500_STD,PH_5200_S2N,PH_4500_S2N,ERR_5200,ERR_4500
AC4_OL49_021920_30x30_H2O_a,2.573664057976303,0.1619784097934481,2.4224253907885887,0.19015427592272321,*,1.3303024117999718,0.19397054132138272,747.8993689072747,40.223902241758246,756.3095802761193,55.99113058102771,741.7644093665726,57.92496032330357,1.8192517396923626,0.3501857935577055,1.2472764334434272,0.25982450110618954,12.195931306139308,8.157329839569641,-,-
AC4_OL53_101220_256s_30x30_a,4.03892743514451,0.432707233835702,4.03892743514451,0.432707233835702,-,1.4658808727258286,0.253744615708898,753.9296895235846,74.20655071502478,730.4045443299137,97.3639758432916,777.4548347172553,112.0120747244381,1.698587079229953,0.392368186293725,2.744227582987645,0.669636986962905,6.904155497543435,5.527653037742058,-,-
STD_D1010_012821_256s_100x100_a,0.9148895081661681,0.09694106563706263,1.2021226109706475,0.08822114170648736,*,0.1641522864370184,0.027226539331685683,214.20002762521392,10.304428631867214,231.13243229370116,13.565489912479261,195.94508592470643,15.445016202961632,0.30365832932250475,0.07272643839780003,0.7479128167368365,0.1916167060222911,12.117052280110018,13.264649377851413,-,-
