,H2OT_MEAN,H2OT_STD,H2OT_3550_M,H2OT_3550_STD,H2OT_3550_SAT,H2Om_1635_BP,H2Om_1635_STD,CO2_MEAN,CO2_STD,CO2_1515_BP,CO2_1515_STD,CO2_1430_BP,CO2_1430_STD,H2Om_5200_M,H2Om_5200_STD,OH_4500_M,OH_4500_STD,PH_5200_S2N,PH_4500_S2N,ERR_5200,ERR_4500
AC4_OL49_021920_30x30_H2O_a,2.5737918875729946,0.16189933806481865,2.4224284218690655,0.18989756499141158,*,1.330432100550032,0.19410335604454032,749.9593060836598,40.3702362556854,757.3402793887293,56.15001217345185,744.8617309673444,58.10799331157778,1.8192540160466215,0.3502373437934954,1.2472779941087606,0.2596135140436977,12.1959313061391,8.157329839569867,-,-
AC4_OL53_101220_256s_30x30_a,4.03892743514451,0.43272160456852715,4.03892743514451,0.43272160456852715,-,1.4665615869732591,0.2544141758941714,696.2430846522441,71.43367671669046,695.2727174930396,95.22901298829564,697.2134518114485,106.50124770317763,1.698587079229917,0.39292065241679197,2.744227582987645,0.6698682523485867,6.904155497543289,5.527653037742058,-,-
STD_D1010_012821_256s_100x100_a,0.9151321828355979,0.09712917555351332,1.2021257249250366,0.08823403937633978,*,0.16439463777565802,0.027307459546062264,212.27313663387054,10.183497004845078,229.82087402159522,13.574840687923025,193.41585577450607,15.124749020128167,0.3036591159129819,0.07286659311655874,0.7479147541153965,0.1916064671531578,12.117052280110329,13.264649377853987,-,-
