,H2OT_MEAN,H2OT_STD,H2OT_3550_M,H2OT_3550_STD,H2OT_3550_SAT,H2Om_1635_BP,H2Om_1635_STD,CO2_MEAN,CO2_STD,CO2_1515_BP,CO2_1515_STD,CO2_1430_BP,CO2_1430_STD,H2Om_5200_M,H2Om_5200_STD,OH_4500_M,OH_4500_STD,PH_5200_S2N,PH_4500_S2N,ERR_5200,ERR_4500
AC4_OL49_021920_30x30_H2O_a,2.573664057976303,0.16207910014029894,2.4224253907885887,0.19019189942059156,*,1.3303024117999718,0.19422671039430278,747.8993689072747,40.27536671473538,756.3095802761193,56.0902036617959,741.7644093665726,58.03533984305195,1.8192517396923626,0.3500608628204036,1.2472764334434272,0.2599337213144918,12.195931306139308,8.157329839569641,-,-
AC4_OL53_101220_256s_30x30_a,4.03892743514451,0.4339936244648624,4.03892743514451,0.4339936244648624,-,1.4658808727258286,0.2540273958291082,753.9296895235846,74.54964186350513,730.4045443299137,97.93290615912507,777.4548347172553,112.42660850143756,1.698587079229953,0.39289046880170125,2.744227582987645,0.6682615741166135,6.904155497543435,5.527653037742058,-,-
STD_D1010_012821_256s_100x100_a,0.9148895081661681,0.09702783380474907,1.2021226109706475,0.08818252245845216,*,0.1641522864370184,0.0272241560437464,214.20002762521392,10.335233798143834,231.13243229370116,13.725818026163825,195.94508592470643,15.420072905694422,0.30365832932250475,0.07274633506589437,0.7479128167368365,0.19146173315132345,12.117052280110018,13.264649377851413,-,-
