,PH_3550_M,PH_3550_STD,H2OT_3550_MAX,BL_H2OT_3550_MAX,H2OT_3550_SAT?,PH_1635_BP,PH_1635_STD,H2Om_1635_MAX,BL_H2Om_1635_MAX,PH_1515_BP,PH_1515_STD,P_1515_BP,P_1515_STD,STD_1515_BP,STD_1515_STD,MAX_1515_ABS,BL_MAX_1515_ABS,PH_1430_BP,PH_1430_STD,P_1430_BP,P_1430_STD,STD_1430_BP,STD_1430_STD,MAX_1430_ABS,BL_MAX_1430_ABS,PH_5200_M,PH_4500_M,PH_5200_STD,PH_4500_STD,S2N_P5200,S2N_P4500,ERR_5200,ERR_4500,AVG_BL_BP,AVG_BL_STD,PCA1_BP,PCA1_STD,PCA2_BP,PCA2_STD,PCA3_BP,PCA3_STD,PCA4_BP,PCA4_STD,m_BP,m_STD,b_BP,b_STD,PH_1635_PCA1_BP,PH_1635_PCA1_STD,PH_1635_PCA2_BP,PH_1635_PCA2_STD
AC4_EUH102_030920_256s_15x20_a,1.210389030871488,2.3000116874518957e-05,1.524134,0.314272884021196,-,0.24795696001354162,0.0036079525405419326,0.4542057,0.5691559174174889,0.020036690269635324,0.003986536896827562,1516.6230254527281,4.514324337439746,34.99999999999999,3.2841041310059342,0.5953196999999999,0.5737768147922412,0.02338063026856774,0.004062309722218921,1432.3741368029603,3.4662792454072004,24.002163002317833,2.9878375322438075,0.6091729,0.5937486095425997,0.010925144820810475,0.010582876064877884,0.0013006873400029009,0.0009488498564016897,5.067716338727289,6.810505932982275,-,-,0.5138868302386919,0.14114904859610738,-1.2062588424185494,1.5801069199511626,0.5030768138096934,0.06035497122914894,-0.20876272813837035,0.20309369005439873,0.20805484690220796,0.11388693569658144,-0.000389194919872941,0.00026899753872912315,0.8605927938407405,0.08269055263907257,0.042929682867593945,0.01877897776755359,-0.12101117130607689,0.014816304162646074
