,H2OT_MEAN,H2OT_STD,H2OT_3550_M,H2OT_3550_STD,H2OT_3550_SAT,H2Om_1635_BP,H2Om_1635_STD,CO2_MEAN,CO2_STD,CO2_1515_BP,CO2_1515_STD,CO2_1430_BP,CO2_1430_STD,H2Om_5200_M,H2Om_5200_STD,OH_4500_M,OH_4500_STD,PH_5200_S2N,PH_4500_S2N,ERR_5200,ERR_4500
AC4_EUH102_030920_256s_15x20_a,2.7112115364269433,0.2666843315115569,2.7112115364269433,0.2666843315115569,-,,,,,,,,,1.7337973647453802,0.4372392738426549,1.94488528876794,0.4957403217893589,5.067716338727289,6.810505932982275,-,-
