,H2OT_MEAN,H2OT_STD,H2OT_3550_M,H2OT_3550_STD,H2OT_3550_SAT,H2Om_1635_BP,H2Om_1635_STD,CO2_MEAN,CO2_STD,CO2_1515_BP,CO2_1515_STD,CO2_1430_BP,CO2_1430_STD,H2Om_5200_M,H2Om_5200_STD,OH_4500_M,OH_4500_STD,PH_5200_S2N,PH_4500_S2N,ERR_5200,ERR_4500
AC4_EUH102_030920_256s_15x20_a,2.711240067288831,0.2664638984127899,2.711240067288831,0.2664638984127899,-,,,,,,,,,1.7343725024878764,0.43738807475959446,1.945430835941287,0.49567370996528515,5.018751747542524,6.744702400092815,-,-
