,PH_3550_M,PH_3550_STD,H2OT_3550_MAX,BL_H2OT_3550_MAX,H2OT_3550_SAT?,PH_1635_BP,PH_1635_STD,H2Om_1635_MAX,BL_H2Om_1635_MAX,PH_1515_BP,PH_1515_STD,P_1515_BP,P_1515_STD,STD_1515_BP,STD_1515_STD,MAX_1515_ABS,BL_MAX_1515_ABS,PH_1430_BP,PH_1430_STD,P_1430_BP,P_1430_STD,STD_1430_BP,STD_1430_STD,MAX_1430_ABS,BL_MAX_1430_ABS,PH_5200_M,PH_4500_M,PH_5200_STD,PH_4500_STD,S2N_P5200,S2N_P4500,ERR_5200,ERR_4500,AVG_BL_BP,AVG_BL_STD,PCA1_BP,PCA1_STD,PCA2_BP,PCA2_STD,PCA3_BP,PCA3_STD,PCA4_BP,PCA4_STD,m_BP,m_STD,b_BP,b_STD,PH_1635_PCA1_BP,PH_1635_PCA1_STD,PH_1635_PCA2_BP,PH_1635_PCA2_STD
AC4_EUH102_030920_256s_15x20_a,1.210389030871488,2.3000116874518957e-05,1.524134,0.314272884021196,-,,,,,,,,,,,,,,,,,,,,,0.010925144820810475,0.010582876064877884,0.0013006873400029009,0.0009488498564016897,5.018751747542524,6.744702400092815,-,-,,,,,,,,,,,,,,,,,,
