,H2OT_MEAN,H2OT_STD,H2OT_3550_M,H2OT_3550_STD,H2OT_3550_SAT,H2Om_1635_BP,H2Om_1635_STD,CO2_MEAN,CO2_STD,CO2_1515_BP,CO2_1515_STD,CO2_1430_BP,CO2_1430_STD,H2Om_5200_M,H2Om_5200_STD,OH_4500_M,OH_4500_STD,PH_5200_S2N,PH_4500_S2N,ERR_5200,ERR_4500
ND70_02_01_06032022_150x150_sp1,,,2.761378978608584,0.21329797720640367,*,,,,,,,,,0.70401040890792,0.20677416544471677,1.1696571005273986,0.34884512625371705,9.035945915634047,9.666111096192598,-,-
