,H2OT_MEAN,H2OT_STD,H2OT_3550_M,H2OT_3550_STD,H2OT_3550_SAT,H2Om_1635_BP,H2Om_1635_STD,CO2_MEAN,CO2_STD,CO2_1515_BP,CO2_1515_STD,CO2_1430_BP,CO2_1430_STD,H2Om_5200_M,H2Om_5200_STD,OH_4500_M,OH_4500_STD,PH_5200_S2N,PH_4500_S2N,ERR_5200,ERR_4500,H2O_EXP,H2O_EXP_STD,CO2_EXP,CO2_EXP_STD
21ALV1846-9_44x44_s1_EP_103um,1.3871111895701391,0.10820874289966288,1.3871111895701391,0.10820874289966288,-,,,,,,,,,0.7413210988638703,0.1781672673292411,1.0059538757651156,0.2571596115037293,17.47105574600998,8.926615036472606,-,-,,,,
1,,,,,,,,,,,,,,,,,,,,,,1.89,0.19,,
